Month,Rank,Title,Artist,Producer
1,1,METEOR,창모 (CHANGMO),CHANGMO
1,2,아무노래,지코 (ZICO),"ZICO, Poptime"
1,3,"아마두 (feat.우원재, 김효은, 넉살, Huckleberry P)","염따 (YUMDDA), 딥플로우 (Deepflow), 팔로알토 (Paloalto), The Quiett (더 콰이엇), 사이먼 도미닉 (Simon Dominic)","NOISEMASTERMINSU, YUMDDA, Deepflow, 김효은, Huckleberry P"
1,4,빌었어,창모 (CHANGMO),CHANGMO
1,6,BAND,"창모 (CHANGMO), Hash Swan (해쉬 스완), ASH ISLAND (애쉬 아일랜드), 김효은 (Keemhyoeun)",CASHBANGER
1,10,달려,"염따 (YUMDDA), 딥플로우 (Deepflow), 팔로알토 (Paloalto), The Quiett (더 콰이엇), 사이먼 도미닉 (Simon Dominic)","Prima Vista, Pat Van Dyke, The Quiett"
1,11,중2병,"염따 (YUMDDA), 딥플로우 (Deepflow), 팔로알토 (Paloalto), The Quiett (더 콰이엇), 사이먼 도미닉 (Simon Dominic)",NOISEMASTERMINSU
1,12,Amanda (Feat. Simon Dominic) (Prod. By UNTITLEDS),염따 (YUMDDA),"UNTITLEDS, YUMDDA"
1,14,Nerdy Love (Feat. 백예린),pH-1 (피에이치원),"Mokyo, Jetti, pH-1, 백예린"
1,18,"천둥벌거숭이 (Feat. Jvcki Wai, 염따)",지코 (ZICO),"ZICO, PEEJAY, Jvcki Wai, YUMDDA"
1,19,텅 (Feat.김하온 (HAON)),빈첸 (VINXEN),"VINXEN, VAN.C"
1,20,"아퍼 (Feat. Kid Milli, Lil tachi, 김승민, NO:EL, C JAMM)",기리보이 (GIRIBOY),"GIRIBOY, CODE KUNST"
1,21,REMEDY (Feat. 청하 (CHUNG HA)),창모 (CHANGMO),"CHANGMO, Way Ched, Paul Blanco"
1,22,아름다워,창모 (CHANGMO),CHANGMO
1,23,호랑이소굴 (Feat. Jvcki Wai),기리보이 (GIRIBOY),"Minit, GIRIBOY, Jvcki Wai"
1,24,Selfmade Orange (Feat. SUPERBEE),창모 (CHANGMO),CHANGMO
1,25,Paranoid,ASH ISLAND (애쉬 아일랜드),"TOIL, ASH ISLAND"
1,26,사람,지코 (ZICO),"ZICO, Poptime"
1,27,"담아 (Feat. 염따, pH-1) (Prod. BOYCOLD)","스윙스 (Swings), 키드밀리 (Kid Milli), 매드클라운 (Mad Clown)","BOYCOLD, YUMDDA"
1,28,가라사대,BewhY (비와이),BewhY
1,30,맵고짜고단거 (Feat. 페노메코),다이나믹 듀오 (Dynamicduo),"APRO, 개코"
1,33,돈 Call Me (Prod.BRLLNT),염따 (YUMDDA),"YUMDDA, BRLLNT"
1,34,비워 (Beer) (Prod. Way Ched),"창모 (CHANGMO), Hash Swan (해쉬 스완), ASH ISLAND (애쉬 아일랜드), 김효은 (Keemhyoeun), 릴러말즈 (Leellamarz), The Quiett (더 콰이엇)",Way Ched
1,35,Good Day (Feat. 팔로알토) (Prod. 코드 쿤스트),"pH-1 (피에이치원), 키드밀리 (Kid Milli), 루피 (Loopy)","CODE KUNST, 팔로알토, pH-1, Kid Milli, 루피"
1,36,띵 (Prod. By 기리보이),"Jvcki Wai (재키 와이), 양홍원 (YANGHONGWON), Osshun Gum (오션검), 한요한 (HANYOHAN)","GIRIBOY, Jvcki Wai"
1,39,시차 (We Are) (Feat. 로꼬 & GRAY),우원재 (Woo Won Jae),GRAY
1,41,마에스트로 (Maestro),창모 (CHANGMO),CHANGMO
1,42,혼자,"다이나믹 듀오 (Dynamicduo), 첸 (CHEN)","개코, Padi, philtre, Dhard"
1,43,을 (Feat. BIG Naughty (서동현)),기리보이 (GIRIBOY),"GIRIBOY, Johnny, BIG Naughty"
1,45,와츠롱 (Feat. YUNHWAY),기리보이 (GIRIBOY),"GIRIBOY, Johnny, YUNHWAY, Chiic"
1,46,flex (Prod. By 기리보이),"기리보이 (GIRIBOY), 키드밀리 (Kid Milli), NO:EL (노엘), 스윙스 (Swings)",GIRIBOY
1,47,Y,프리스타일 (Freestyle),지오
1,48,교통정리 (Feat. 헤이즈),기리보이 (GIRIBOY),"GIRIBOY, Heize, Johnny"
1,49,눈 (Prod. 기리보이),"Lil tachi (릴타치), 호치키스 (김호진)",GIRIBOY
1,51,Forever 84,"염따 (YUMDDA), 딥플로우 (Deepflow), 팔로알토 (Paloalto), The Quiett (더 콰이엇), 사이먼 도미닉 (Simon Dominic)","Unsinkable, YUMDDA, The Quiett"
1,54,제설,기리보이 (GIRIBOY),"글림, GIRIBOY, Cosmic Boy"
1,56,아이야 (Feat. Beenzino),창모 (CHANGMO),CHANGMO
1,57,IndiGO,"저스디스 (JUSTHIS), 키드밀리 (Kid Milli), NO:EL (노엘), 양홍원 (YANGHONGWON)",BRLLNT
1,58,남겨짐에 대해 (Feat. 다운),지코 (ZICO),"ZICO, brightenlight, 다운"
1,59,"아퍼 (Band Ver.) (Feat. 영비, YUNHWAY, Lil tachi, 한요한, JUSTHIS, 스윙스)",기리보이 (GIRIBOY),"GIRIBOY, CODE KUNST, 글림"
1,60,"야망 (Feat. ASH ISLAND, 김효은, Hash Swan, CHANGMO) (Prod. TOIL)",릴러말즈 (Leellamarz),"TOIL, Leellamarz, The Quiett"
1,61,Empty Head,ASH ISLAND (애쉬 아일랜드),"TOIL, ASH ISLAND"
1,62,"헤어지지 못하는 여자, 떠나가지 못하는 남자 (Feat. 정인)",리쌍 (LEESSANG),"길, PEEJAY"
1,64,붕붕 (Feat. 식케이) (Prod. GroovyRoom),김하온 (HAON),"GroovyRoom, Sik-K"
1,65,술이 달다 (Feat. Crush),에픽하이 (EPIK HIGH),"TABLO, TUKUTZ, PHILTRE"
1,66,더 위로,창모 (CHANGMO),CHANGMO
1,67,아낙네,MINO (송민호),"MINO, FUTURE BOUNCE, TEXU"
1,68,Downtown Baby,블루 (BLOO),ROCK IT PRODUCTIONS
1,71,"And July (Feat. DEAN, DJ Friz)",헤이즈 (Heize),"Deanfluenza, Hyuk Shin, JBird, esta, Delly Boi, DK"
1,72,어땠을까 (Feat. 박정현),싸이 (PSY),"PSY, 유건형"
1,73,낙서 (Feat. 백예린) (Prod. by WOOGIE),펀치넬로 (punchnello),"WOOGIE, iHwak, sogumm"
1,75,수취인 불명,프리스타일 (Freestyle),지오
1,76,그라타타,"블랙넛 (Black Nut), 한요한 (HANYOHAN), 스윙스 (Swings)",Seoul Metro Boomin
1,79,세레나데,창모 (CHANGMO),CHANGMO
1,81,"거지 (Feat. YUNHWAY, Jhnovr, JUSTHIS)",기리보이 (GIRIBOY),"sAewoo, GIRIBOY, Jhnovr"
1,82,시간이 들겠지 (Feat. Colde),로꼬 (Loco),"APRO, 로꼬, Colde"
1,83,이혼서류,기리보이 (GIRIBOY),"GIRIBOY, Minit"
1,86,Trip (Feat. Hannah),릴러말즈 (Leellamarz),"Leellamarz, TOIL, Kooky"
1,87,나쁜맛,"Lil tachi (릴타치), 양홍원 (YANGHONGWON), YUNHWAY (윤훼이), 저스디스 (JUSTHIS)",sAewoo
1,88,죽일 놈 (Guilty),다이나믹 듀오 (Dynamicduo),"최자, 프라이머리, 개코"
1,90,널 너무 모르고,헤이즈 (Heize),"Heize, GroovyRoom"
1,91,문제 (Feat. 쿠기 (Coogie)),BIG Naughty (서동현),"GIRIBOY, Minit, BIG Naughty, 쿠기"
1,92,zoom,염따 (YUMDDA),YUMDDA
1,93,자니 (Feat. Dynamic Duo),프라이머리 (Primary),"프라이머리, 개코"
1,95,"방에 혼자 있을 때 (Feat. CHANGMO, ASH ISLAND)",릴러말즈 (Leellamarz),"TOIL, TheQuiett"
1,96,Boys And Girls (Feat. Babylon),지코 (ZICO),"ZICO, Poptime"
1,97,바다 (Feat. 기리보이) (Prod. 기리보이),"Woodie Gochild (우디 고차일드), 최엘비 (CHOILB), BIG Naughty (서동현), 양홍원 (YANGHONGWON), Chillin Homie (칠린호미)","GIRIBOY, Woodie Gochild, BIG Naughty, 영비"
1,98,"위업 (Feat. Okasian, UNEDUCATED KID)",창모 (CHANGMO),CHANGMO
1,99,IMJMWDP (Prod. By 기리보이),"기리보이 (GIRIBOY), NO:EL (노엘), 블랙넛 (Black Nut), 양홍원 (YANGHONGWON), Osshun Gum (오션검), YUNHWAY (윤훼이), 저스디스 (JUSTHIS), Jvcki Wai (재키 와이), 키드밀리 (Kid Milli), 한요한 (HANYOHAN), 스윙스 (Swings)",GIRIBOY
1,100,우산 (Feat. 윤하),에픽하이 (EPIK HIGH),TABLO
2,1,아무노래,지코 (ZICO),"ZICO, Poptime"
2,2,METEOR,창모 (CHANGMO),CHANGMO
2,4,"아마두 (feat.우원재, 김효은, 넉살, Huckleberry P)","염따 (YUMDDA), 딥플로우 (Deepflow), 팔로알토 (Paloalto), The Quiett (더 콰이엇), 사이먼 도미닉 (Simon Dominic)","NOISEMASTERMINSU, YUMDDA, Deepflow, 김효은, Huckleberry P"
2,5,빌었어,창모 (CHANGMO),CHANGMO
2,7,BAND,"창모 (CHANGMO), Hash Swan (해쉬 스완), ASH ISLAND (애쉬 아일랜드), 김효은 (Keemhyoeun)",CASHBANGER
2,16,달려,"염따 (YUMDDA), 딥플로우 (Deepflow), 팔로알토 (Paloalto), The Quiett (더 콰이엇), 사이먼 도미닉 (Simon Dominic)","Prima Vista, Pat Van Dyke, The Quiett"
2,17,Nerdy Love (Feat. 백예린),pH-1 (피에이치원),"Mokyo, Jetti, pH-1, 백예린"
2,23,Amanda (Feat. Simon Dominic) (Prod. By UNTITLEDS),염따 (YUMDDA),"UNTITLEDS, YUMDDA"
2,27,중2병,"염따 (YUMDDA), 딥플로우 (Deepflow), 팔로알토 (Paloalto), The Quiett (더 콰이엇), 사이먼 도미닉 (Simon Dominic)",NOISEMASTERMINSU
2,30,"천둥벌거숭이 (Feat. Jvcki Wai, 염따)",지코 (ZICO),"ZICO, PEEJAY, Jvcki Wai, YUMDDA"
2,32,반복,한요한 (HANYOHAN),"한요한, Minit"
2,33,혼자,"다이나믹 듀오 (Dynamicduo), 첸 (CHEN)","개코, Padi, philtre, Dhard"
2,34,아름다워,창모 (CHANGMO),CHANGMO
2,35,"아퍼 (Feat. Kid Milli, Lil tachi, 김승민, NO:EL, C JAMM)",기리보이 (GIRIBOY),"GIRIBOY, CODE KUNST"
2,36,Paranoid,ASH ISLAND (애쉬 아일랜드),"TOIL, ASH ISLAND"
2,37,Selfmade Orange (Feat. SUPERBEE),창모 (CHANGMO),CHANGMO
2,38,호랑이소굴 (Feat. Jvcki Wai),기리보이 (GIRIBOY),"Minit, GIRIBOY, Jvcki Wai"
2,39,Y,프리스타일 (Freestyle),지오
2,42,Good Day (Feat. 팔로알토) (Prod. 코드 쿤스트),"pH-1 (피에이치원), 키드밀리 (Kid Milli), 루피 (Loopy)","CODE KUNST, 팔로알토, pH-1, Kid Milli, 루피"
2,43,시차 (We Are) (Feat. 로꼬 & GRAY),우원재 (Woo Won Jae),GRAY
2,44,가라사대,BewhY (비와이),BewhY
2,45,"담아 (Feat. 염따, pH-1) (Prod. BOYCOLD)","스윙스 (Swings), 키드밀리 (Kid Milli), 매드클라운 (Mad Clown)","BOYCOLD, YUMDDA"
2,47,사람,지코 (ZICO),"ZICO, Poptime"
2,48,비워 (Beer) (Prod. Way Ched),"창모 (CHANGMO), Hash Swan (해쉬 스완), ASH ISLAND (애쉬 아일랜드), 김효은 (Keemhyoeun), 릴러말즈 (Leellamarz), The Quiett (더 콰이엇)",Way Ched
2,49,띵 (Prod. By 기리보이),"Jvcki Wai (재키 와이), 양홍원 (YANGHONGWON), Osshun Gum (오션검), 한요한 (HANYOHAN)","GIRIBOY, Jvcki Wai"
2,50,REMEDY (Feat. 청하 (CHUNG HA)),창모 (CHANGMO),"CHANGMO, Way Ched, Paul Blanco"
2,53,돈 Call Me (Prod.BRLLNT),염따 (YUMDDA),"YUMDDA, BRLLNT"
2,54,마에스트로 (Maestro),창모 (CHANGMO),CHANGMO
2,56,flex (Prod. By 기리보이),"기리보이 (GIRIBOY), 키드밀리 (Kid Milli), NO:EL (노엘), 스윙스 (Swings)",GIRIBOY
2,57,맵고짜고단거 (Feat. 페노메코),다이나믹 듀오 (Dynamicduo),"APRO, 개코"
2,59,"헤어지지 못하는 여자, 떠나가지 못하는 남자 (Feat. 정인)",리쌍 (LEESSANG),"길, PEEJAY"
2,61,교통정리 (Feat. 헤이즈),기리보이 (GIRIBOY),"GIRIBOY, Heize, Johnny"
2,63,눈 (Prod. 기리보이),"Lil tachi (릴타치), 호치키스 (김호진)",GIRIBOY
2,64,수취인 불명,프리스타일 (Freestyle),지오
2,65,을 (Feat. BIG Naughty (서동현)),기리보이 (GIRIBOY),"GIRIBOY, Johnny, BIG Naughty"
2,66,붕붕 (Feat. 식케이) (Prod. GroovyRoom),김하온 (HAON),"GroovyRoom, Sik-K"
2,67,텅 (Feat.김하온 (HAON)),빈첸 (VINXEN),"VINXEN, VAN.C"
2,68,아이야 (Feat. Beenzino),창모 (CHANGMO),CHANGMO
2,69,IndiGO,"저스디스 (JUSTHIS), 키드밀리 (Kid Milli), NO:EL (노엘), 양홍원 (YANGHONGWON)",BRLLNT
2,72,Downtown Baby,블루 (BLOO),ROCK IT PRODUCTIONS
2,73,"And July (Feat. DEAN, DJ Friz)",헤이즈 (Heize),"Deanfluenza, Hyuk Shin, JBird, esta, Delly Boi, DK"
2,74,"야망 (Feat. ASH ISLAND, 김효은, Hash Swan, CHANGMO) (Prod. TOIL)",릴러말즈 (Leellamarz),"TOIL, Leellamarz, The Quiett"
2,75,와츠롱 (Feat. YUNHWAY),기리보이 (GIRIBOY),"GIRIBOY, Johnny, YUNHWAY, Chiic"
2,76,술이 달다 (Feat. Crush),에픽하이 (EPIK HIGH),"TABLO, TUKUTZ, PHILTRE"
2,77,어땠을까 (Feat. 박정현),싸이 (PSY),"PSY, 유건형"
2,78,Empty Head,ASH ISLAND (애쉬 아일랜드),"TOIL, ASH ISLAND"
2,80,아낙네,MINO (송민호),"MINO, FUTURE BOUNCE, TEXU"
2,82,"아퍼 (Band Ver.) (Feat. 영비, YUNHWAY, Lil tachi, 한요한, JUSTHIS, 스윙스)",기리보이 (GIRIBOY),"GIRIBOY, CODE KUNST, 글림"
2,84,시간이 들겠지 (Feat. Colde),로꼬 (Loco),"APRO, 로꼬, Colde"
2,85,PAY DAY (Prod. GRAY),"창모 (CHANGMO), ASH ISLAND (애쉬 아일랜드), 정기고 (JUNGGIGO)","GRAY, BEATBOXDG, JUNGGIGO"
2,87,죽일 놈 (Guilty),다이나믹 듀오 (Dynamicduo),"최자, 프라이머리, 개코"
2,89,Teenage in Closet (Feat. JAMIE),Hash Swan (해쉬 스완),"TOIL, Kooky"
2,91,자니 (Feat. Dynamic Duo),프라이머리 (Primary),"프라이머리, 개코"
2,92,우연히 봄,"로꼬 (Loco), 유주 (YUJU)","똘아이박, 피터팬, 미친기집애"
2,93,Trip (Feat. Hannah),릴러말즈 (Leellamarz),"Leellamarz, TOIL, Kooky"
2,94,낙서 (Feat. 백예린) (Prod. by WOOGIE),펀치넬로 (punchnello),"WOOGIE, iHwak, sogumm"
2,95,Boys And Girls (Feat. Babylon),지코 (ZICO),"ZICO, Poptime"
2,96,Ballerino,리쌍 (LEESSANG),길
2,97,널 너무 모르고,헤이즈 (Heize),"Heize, GroovyRoom"
2,100,우산 (Feat. 윤하),에픽하이 (EPIK HIGH),TABLO
3,1,아무노래,지코 (ZICO),"ZICO, Poptime"
3,3,METEOR,창모 (CHANGMO),CHANGMO
3,8,"아마두 (feat.우원재, 김효은, 넉살, Huckleberry P)","염따 (YUMDDA), 딥플로우 (Deepflow), 팔로알토 (Paloalto), The Quiett (더 콰이엇), 사이먼 도미닉 (Simon Dominic)","NOISEMASTERMINSU, YUMDDA, Deepflow, 김효은, Huckleberry P"
3,10,빌었어,창모 (CHANGMO),CHANGMO
3,21,BAND,"창모 (CHANGMO), Hash Swan (해쉬 스완), ASH ISLAND (애쉬 아일랜드), 김효은 (Keemhyoeun)",CASHBANGER
3,24,PAY DAY (Prod. GRAY),"창모 (CHANGMO), ASH ISLAND (애쉬 아일랜드), 정기고 (JUNGGIGO)","GRAY, BEATBOXDG, JUNGGIGO"
3,27,우연히 봄,"로꼬 (Loco), 유주 (YUJU)","똘아이박, 피터팬, 미친기집애"
3,28,Nerdy Love (Feat. 백예린),pH-1 (피에이치원),"Mokyo, Jetti, pH-1, 백예린"
3,31,Paranoid,ASH ISLAND (애쉬 아일랜드),"TOIL, ASH ISLAND"
3,32,아름다워,창모 (CHANGMO),CHANGMO
3,34,Selfmade Orange (Feat. SUPERBEE),창모 (CHANGMO),CHANGMO
3,36,"아퍼 (Feat. Kid Milli, Lil tachi, 김승민, NO:EL, C JAMM)",기리보이 (GIRIBOY),"GIRIBOY, CODE KUNST"
3,37,달려,"염따 (YUMDDA), 딥플로우 (Deepflow), 팔로알토 (Paloalto), The Quiett (더 콰이엇), 사이먼 도미닉 (Simon Dominic)","Prima Vista, Pat Van Dyke, The Quiett"
3,39,"천둥벌거숭이 (Feat. Jvcki Wai, 염따)",지코 (ZICO),"ZICO, PEEJAY, Jvcki Wai, YUMDDA"
3,40,Amanda (Feat. Simon Dominic) (Prod. By UNTITLEDS),염따 (YUMDDA),"UNTITLEDS, YUMDDA"
3,42,새로이 (prod. Viann),BewhY (비와이),"Viann, BewhY"
3,43,시차 (We Are) (Feat. 로꼬 & GRAY),우원재 (Woo Won Jae),GRAY
3,46,Good Day (Feat. 팔로알토) (Prod. 코드 쿤스트),"pH-1 (피에이치원), 키드밀리 (Kid Milli), 루피 (Loopy)","CODE KUNST, 팔로알토, pH-1, Kid Milli, 루피"
3,48,호랑이소굴 (Feat. Jvcki Wai),기리보이 (GIRIBOY),"Minit, GIRIBOY, Jvcki Wai"
3,50,띵 (Prod. By 기리보이),"Jvcki Wai (재키 와이), 양홍원 (YANGHONGWON), Osshun Gum (오션검), 한요한 (HANYOHAN)","GIRIBOY, Jvcki Wai"
3,51,Y,프리스타일 (Freestyle),지오
3,52,사람,지코 (ZICO),"ZICO, Poptime"
3,53,가라사대,BewhY (비와이),BewhY
3,55,비워 (Beer) (Prod. Way Ched),"창모 (CHANGMO), Hash Swan (해쉬 스완), ASH ISLAND (애쉬 아일랜드), 김효은 (Keemhyoeun), 릴러말즈 (Leellamarz), The Quiett (더 콰이엇)",Way Ched
3,56,중2병,"염따 (YUMDDA), 딥플로우 (Deepflow), 팔로알토 (Paloalto), The Quiett (더 콰이엇), 사이먼 도미닉 (Simon Dominic)",NOISEMASTERMINSU
3,58,"담아 (Feat. 염따, pH-1) (Prod. BOYCOLD)","스윙스 (Swings), 키드밀리 (Kid Milli), 매드클라운 (Mad Clown)","BOYCOLD, YUMDDA"
3,59,반복,한요한 (HANYOHAN),"한요한, Minit"
3,60,"헤어지지 못하는 여자, 떠나가지 못하는 남자 (Feat. 정인)",리쌍 (LEESSANG),"길, PEEJAY"
3,61,새로고침 (Feat. 강민경 of 다비치),박경 (PARK KYUNG),"박경 , Score, Megatone"
3,63,"Selfmade Orange 2 (feat. Changmo, Paul Blanco)",수퍼비 (SUPERBEE),"Make 4 Play, Wavy Burnz"
3,64,flex (Prod. By 기리보이),"기리보이 (GIRIBOY), 키드밀리 (Kid Milli), NO:EL (노엘), 스윙스 (Swings)",GIRIBOY
3,65,마에스트로 (Maestro),창모 (CHANGMO),CHANGMO
3,67,교통정리 (Feat. 헤이즈),기리보이 (GIRIBOY),"GIRIBOY, Heize, Johnny"
3,68,어땠을까 (Feat. 박정현),싸이 (PSY),"PSY, 유건형"
3,69,돈 Call Me (Prod.BRLLNT),염따 (YUMDDA),"YUMDDA, BRLLNT"
3,70,Downtown Baby,블루 (BLOO),ROCK IT PRODUCTIONS
3,71,붕붕 (Feat. 식케이) (Prod. GroovyRoom),김하온 (HAON),"GroovyRoom, Sik-K"
3,72,"And July (Feat. DEAN, DJ Friz)",헤이즈 (Heize),"Deanfluenza, Hyuk Shin, JBird, esta, Delly Boi, DK"
3,74,IndiGO,"저스디스 (JUSTHIS), 키드밀리 (Kid Milli), NO:EL (노엘), 양홍원 (YANGHONGWON)",BRLLNT
3,76,REMEDY (Feat. 청하 (CHUNG HA)),창모 (CHANGMO),"CHANGMO, Way Ched, Paul Blanco"
3,77,아이야 (Feat. Beenzino),창모 (CHANGMO),CHANGMO
3,78,눈 (Prod. 기리보이),"Lil tachi (릴타치), 호치키스 (김호진)",GIRIBOY
3,80,"야망 (Feat. ASH ISLAND, 김효은, Hash Swan, CHANGMO) (Prod. TOIL)",릴러말즈 (Leellamarz),"TOIL, Leellamarz, The Quiett"
3,82,맵고짜고단거 (Feat. 페노메코),다이나믹 듀오 (Dynamicduo),"APRO, 개코"
3,83,Martini Blue,DPR LIVE (디피알 라이브),"DPR LIVE, DPR CREAM"
3,84,아낙네,MINO (송민호),"MINO, FUTURE BOUNCE, TEXU"
3,85,을 (Feat. BIG Naughty (서동현)),기리보이 (GIRIBOY),"GIRIBOY, Johnny, BIG Naughty"
3,86,"JOKE! (Feat. C JAMM, 사이먼 도미닉)",코드 쿤스트 (CODE KUNST),"CODE KUNST, C JAMM"
3,87,술이 달다 (Feat. Crush),에픽하이 (EPIK HIGH),"TABLO, TUKUTZ, PHILTRE"
3,88,Jasmine,DPR LIVE (디피알 라이브),"DPR LIVE, CODE KUNST"
3,89,수취인 불명,프리스타일 (Freestyle),지오
3,90,LEGACY,DPR LIVE (디피알 라이브),"DPR CREAM, DPR LIVE"
3,91,죽일 놈 (Guilty),다이나믹 듀오 (Dynamicduo),"최자, 프라이머리, 개코"
3,93,Empty Head,ASH ISLAND (애쉬 아일랜드),"TOIL, ASH ISLAND"
3,94,시간이 들겠지 (Feat. Colde),로꼬 (Loco),"APRO, 로꼬, Colde"
3,95,혼자,"다이나믹 듀오 (Dynamicduo), 첸 (CHEN)","개코, Padi, philtre, Dhard"
3,96,자니 (Feat. Dynamic Duo),프라이머리 (Primary),"프라이머리, 개코"
3,97,왔다,머쉬베놈 (MUSHVENOM),"TOIL, MUSHVENOM"
3,98,악몽,ASH ISLAND (애쉬 아일랜드),TOIL
3,99,NEON,DPR LIVE (디피알 라이브),"DPR CREAM, DPR LIVE"
4,1,아무노래,지코 (ZICO),"ZICO, Poptime"
4,3,METEOR,창모 (CHANGMO),CHANGMO
4,12,"아마두 (feat.우원재, 김효은, 넉살, Huckleberry P)","염따 (YUMDDA), 딥플로우 (Deepflow), 팔로알토 (Paloalto), The Quiett (더 콰이엇), 사이먼 도미닉 (Simon Dominic)","NOISEMASTERMINSU, YUMDDA, Deepflow, 김효은, Huckleberry P"
4,17,빌었어,창모 (CHANGMO),CHANGMO
4,24,BAND,"창모 (CHANGMO), Hash Swan (해쉬 스완), ASH ISLAND (애쉬 아일랜드), 김효은 (Keemhyoeun)",CASHBANGER
4,25,우연히 봄,"로꼬 (Loco), 유주 (YUJU)","똘아이박, 피터팬, 미친기집애"
4,27,"꽃 (flower) (Feat. 박재범, 우원재, 기리보이)",코드 쿤스트 (CODE KUNST),"CODE KUNST, Jay Park, Pick!"
4,29,400km (Feat. Kid Milli),한요한 (HANYOHAN),"Minit, 한요한"
4,30,아름다워,창모 (CHANGMO),CHANGMO
4,31,Paranoid,ASH ISLAND (애쉬 아일랜드),"TOIL, ASH ISLAND"
4,33,Selfmade Orange (Feat. SUPERBEE),창모 (CHANGMO),CHANGMO
4,34,Nerdy Love (Feat. 백예린),pH-1 (피에이치원),"Mokyo, Jetti, pH-1, 백예린"
4,35,시차 (We Are) (Feat. 로꼬 & GRAY),우원재 (Woo Won Jae),GRAY
4,36,"아퍼 (Feat. Kid Milli, Lil tachi, 김승민, NO:EL, C JAMM)",기리보이 (GIRIBOY),"GIRIBOY, CODE KUNST"
4,38,Good Day (Feat. 팔로알토) (Prod. 코드 쿤스트),"pH-1 (피에이치원), 키드밀리 (Kid Milli), 루피 (Loopy)","CODE KUNST, 팔로알토, pH-1, Kid Milli, 루피"
4,42,"천둥벌거숭이 (Feat. Jvcki Wai, 염따)",지코 (ZICO),"ZICO, PEEJAY, Jvcki Wai, YUMDDA"
4,43,PAY DAY (Prod. GRAY),"창모 (CHANGMO), ASH ISLAND (애쉬 아일랜드), 정기고 (JUNGGIGO)","GRAY, BEATBOXDG, JUNGGIGO"
4,45,O (Feat. 이하이),코드 쿤스트 (CODE KUNST),"CODE KUNST, 이하이, DeVita"
4,47,띵 (Prod. By 기리보이),"Jvcki Wai (재키 와이), 양홍원 (YANGHONGWON), Osshun Gum (오션검), 한요한 (HANYOHAN)","GIRIBOY, Jvcki Wai"
4,49,호랑이소굴 (Feat. Jvcki Wai),기리보이 (GIRIBOY),"Minit, GIRIBOY, Jvcki Wai"
4,50,"헤어지지 못하는 여자, 떠나가지 못하는 남자 (Feat. 정인)",리쌍 (LEESSANG),"길, PEEJAY"
4,51,어땠을까 (Feat. 박정현),싸이 (PSY),"PSY, 유건형"
4,52,사람,지코 (ZICO),"ZICO, Poptime"
4,54,Amanda (Feat. Simon Dominic) (Prod. By UNTITLEDS),염따 (YUMDDA),"UNTITLEDS, YUMDDA"
4,56,flex (Prod. By 기리보이),"기리보이 (GIRIBOY), 키드밀리 (Kid Milli), NO:EL (노엘), 스윙스 (Swings)",GIRIBOY
4,57,가라사대,BewhY (비와이),BewhY
4,58,비워 (Beer) (Prod. Way Ched),"창모 (CHANGMO), Hash Swan (해쉬 스완), ASH ISLAND (애쉬 아일랜드), 김효은 (Keemhyoeun), 릴러말즈 (Leellamarz), The Quiett (더 콰이엇)",Way Ched
4,59,달려,"염따 (YUMDDA), 딥플로우 (Deepflow), 팔로알토 (Paloalto), The Quiett (더 콰이엇), 사이먼 도미닉 (Simon Dominic)","Prima Vista, Pat Van Dyke, The Quiett"
4,61,펭수로 하겠습니다,"펭수 (Pengsoo), 타이거JK (Tiger JK), 비지 (Bizzy), 비비 (BIBI)","Tiger JK, Zoey Cho"
4,62,Y,프리스타일 (Freestyle),지오
4,63,마에스트로 (Maestro),창모 (CHANGMO),CHANGMO
4,64,"담아 (Feat. 염따, pH-1) (Prod. BOYCOLD)","스윙스 (Swings), 키드밀리 (Kid Milli), 매드클라운 (Mad Clown)","BOYCOLD, YUMDDA"
4,65,"And July (Feat. DEAN, DJ Friz)",헤이즈 (Heize),"Deanfluenza, Hyuk Shin, JBird, esta, Delly Boi, DK"
4,67,GONE (Feat. Paloalto) (Prod. TOIL),"릴러말즈 (Leellamarz), TOIL (토일)","TOIL, Leellamarz, J Way"
4,68,"Selfmade Orange 2 (feat. Changmo, Paul Blanco)",수퍼비 (SUPERBEE),"Make 4 Play, Wavy Burnz"
4,69,Downtown Baby,블루 (BLOO),ROCK IT PRODUCTIONS
4,70,교통정리 (Feat. 헤이즈),기리보이 (GIRIBOY),"GIRIBOY, Heize, Johnny"
4,71,붕붕 (Feat. 식케이) (Prod. GroovyRoom),김하온 (HAON),"GroovyRoom, Sik-K"
4,72,아낙네,MINO (송민호),"MINO, FUTURE BOUNCE, TEXU"
4,73,돈 Call Me (Prod.BRLLNT),염따 (YUMDDA),"YUMDDA, BRLLNT"
4,74,IndiGO,"저스디스 (JUSTHIS), 키드밀리 (Kid Milli), NO:EL (노엘), 양홍원 (YANGHONGWON)",BRLLNT
4,76,"야망 (Feat. ASH ISLAND, 김효은, Hash Swan, CHANGMO) (Prod. TOIL)",릴러말즈 (Leellamarz),"TOIL, Leellamarz, The Quiett"
4,77,아이야 (Feat. Beenzino),창모 (CHANGMO),CHANGMO
4,78,반복,한요한 (HANYOHAN),"한요한, Minit"
4,81,"Set me Free (Feat. Loopy, Jvcki Wai)",코드 쿤스트 (CODE KUNST),"CODE KUNST, 루피, Jvcki Wai, Pick!"
4,82,자니 (Feat. Dynamic Duo),프라이머리 (Primary),"프라이머리, 개코"
4,83,새로고침 (Feat. 강민경 of 다비치),박경 (PARK KYUNG),"박경 , Score, Megatone"
4,84,Trip (Feat. Hannah),릴러말즈 (Leellamarz),"Leellamarz, TOIL, Kooky"
4,85,중2병,"염따 (YUMDDA), 딥플로우 (Deepflow), 팔로알토 (Paloalto), The Quiett (더 콰이엇), 사이먼 도미닉 (Simon Dominic)",NOISEMASTERMINSU
4,88,술이 달다 (Feat. Crush),에픽하이 (EPIK HIGH),"TABLO, TUKUTZ, PHILTRE"
4,89,Martini Blue,DPR LIVE (디피알 라이브),"DPR LIVE, DPR CREAM"
4,90,우산 (Feat. 윤하),에픽하이 (EPIK HIGH),TABLO
4,91,한여름밤의 꿀,"San E (산이), 레이나 (Raina)","San E, Cosmic Sound"
4,93,눈 (Prod. 기리보이),"Lil tachi (릴타치), 호치키스 (김호진)",GIRIBOY
4,97,시간이 들겠지 (Feat. Colde),로꼬 (Loco),"APRO, 로꼬, Colde"
4,98,널 너무 모르고,헤이즈 (Heize),"Heize, GroovyRoom"
4,100,죽일 놈 (Guilty),다이나믹 듀오 (Dynamicduo),"최자, 프라이머리, 개코"
5,2,아무노래,지코 (ZICO),"ZICO, Poptime"
5,3,METEOR,창모 (CHANGMO),CHANGMO
5,20,"아마두 (feat.우원재, 김효은, 넉살, Huckleberry P)","염따 (YUMDDA), 딥플로우 (Deepflow), 팔로알토 (Paloalto), The Quiett (더 콰이엇), 사이먼 도미닉 (Simon Dominic)","NOISEMASTERMINSU, YUMDDA, Deepflow, 김효은, Huckleberry P"
5,21,빌었어,창모 (CHANGMO),CHANGMO
5,23,BAND,"창모 (CHANGMO), Hash Swan (해쉬 스완), ASH ISLAND (애쉬 아일랜드), 김효은 (Keemhyoeun)",CASHBANGER
5,27,깡,비 (RAIN),MAGIC MANSION
5,28,트로트랩,"수퍼비 (SUPERBEE), UNEDUCATED KID (언에듀케이티드 키드), 트웰브 (twlv), Yuzion (유시온)","Flash Note, haruhi, laptopboyboy"
5,31,우연히 봄,"로꼬 (Loco), 유주 (YUJU)","똘아이박, 피터팬, 미친기집애"
5,32,아름다워,창모 (CHANGMO),CHANGMO
5,33,Selfmade Orange (Feat. SUPERBEE),창모 (CHANGMO),CHANGMO
5,34,Paranoid,ASH ISLAND (애쉬 아일랜드),"TOIL, ASH ISLAND"
5,36,COUNTIN MY GUAP,창모 (CHANGMO),CHANGMO
5,37,시차 (We Are) (Feat. 로꼬 & GRAY),우원재 (Woo Won Jae),GRAY
5,39,Good Day (Feat. 팔로알토) (Prod. 코드 쿤스트),"pH-1 (피에이치원), 키드밀리 (Kid Milli), 루피 (Loopy)","CODE KUNST, 팔로알토, pH-1, Kid Milli, 루피"
5,40,"아퍼 (Feat. Kid Milli, Lil tachi, 김승민, NO:EL, C JAMM)",기리보이 (GIRIBOY),"GIRIBOY, CODE KUNST"
5,41,400km (Feat. Kid Milli),한요한 (HANYOHAN),"Minit, 한요한"
5,42,"헤어지지 못하는 여자, 떠나가지 못하는 남자 (Feat. 정인)",리쌍 (LEESSANG),"길, PEEJAY"
5,44,Moon Blue,GRAY (그레이),"GRAY, DAX"
5,46,애기,기리보이 (GIRIBOY),"GIRIBOY, 글림"
5,48,Nerdy Love (Feat. 백예린),pH-1 (피에이치원),"Mokyo, Jetti, pH-1, 백예린"
5,49,띵 (Prod. By 기리보이),"Jvcki Wai (재키 와이), 양홍원 (YANGHONGWON), Osshun Gum (오션검), 한요한 (HANYOHAN)","GIRIBOY, Jvcki Wai"
5,51,"천둥벌거숭이 (Feat. Jvcki Wai, 염따)",지코 (ZICO),"ZICO, PEEJAY, Jvcki Wai, YUMDDA"
5,53,어땠을까 (Feat. 박정현),싸이 (PSY),"PSY, 유건형"
5,54,비워 (Beer) (Prod. Way Ched),"창모 (CHANGMO), Hash Swan (해쉬 스완), ASH ISLAND (애쉬 아일랜드), 김효은 (Keemhyoeun), 릴러말즈 (Leellamarz), The Quiett (더 콰이엇)",Way Ched
5,56,노을 (Feat.오반),빈첸 (VINXEN),"VINXEN, HYE SUNG"
5,57,"And July (Feat. DEAN, DJ Friz)",헤이즈 (Heize),"Deanfluenza, Hyuk Shin, JBird, esta, Delly Boi, DK"
5,58,flex (Prod. By 기리보이),"기리보이 (GIRIBOY), 키드밀리 (Kid Milli), NO:EL (노엘), 스윙스 (Swings)",GIRIBOY
5,59,호랑이소굴 (Feat. Jvcki Wai),기리보이 (GIRIBOY),"Minit, GIRIBOY, Jvcki Wai"
5,60,"꽃 (flower) (Feat. 박재범, 우원재, 기리보이)",코드 쿤스트 (CODE KUNST),"CODE KUNST, Jay Park, Pick!"
5,61,Trip (Feat. Hannah),릴러말즈 (Leellamarz),"Leellamarz, TOIL, Kooky"
5,62,우산 (Feat. 윤하),에픽하이 (EPIK HIGH),TABLO
5,63,한여름밤의 꿀,"San E (산이), 레이나 (Raina)","San E, Cosmic Sound"
5,65,마에스트로 (Maestro),창모 (CHANGMO),CHANGMO
5,66,Downtown Baby,블루 (BLOO),ROCK IT PRODUCTIONS
5,67,가라사대,BewhY (비와이),BewhY
5,69,펭수로 하겠습니다,"펭수 (Pengsoo), 타이거JK (Tiger JK), 비지 (Bizzy), 비비 (BIBI)","Tiger JK, Zoey Cho"
5,70,GONE (Feat. Paloalto) (Prod. TOIL),"릴러말즈 (Leellamarz), TOIL (토일)","TOIL, Leellamarz, J Way"
5,71,붕붕 (Feat. 식케이) (Prod. GroovyRoom),김하온 (HAON),"GroovyRoom, Sik-K"
5,72,"담아 (Feat. 염따, pH-1) (Prod. BOYCOLD)","스윙스 (Swings), 키드밀리 (Kid Milli), 매드클라운 (Mad Clown)","BOYCOLD, YUMDDA"
5,73,Amanda (Feat. Simon Dominic) (Prod. By UNTITLEDS),염따 (YUMDDA),"UNTITLEDS, YUMDDA"
5,74,아이야 (Feat. Beenzino),창모 (CHANGMO),CHANGMO
5,75,교통정리 (Feat. 헤이즈),기리보이 (GIRIBOY),"GIRIBOY, Heize, Johnny"
5,76,Y,프리스타일 (Freestyle),지오
5,77,사람,지코 (ZICO),"ZICO, Poptime"
5,78,IndiGO,"저스디스 (JUSTHIS), 키드밀리 (Kid Milli), NO:EL (노엘), 양홍원 (YANGHONGWON)",BRLLNT
5,79,"야망 (Feat. ASH ISLAND, 김효은, Hash Swan, CHANGMO) (Prod. TOIL)",릴러말즈 (Leellamarz),"TOIL, Leellamarz, The Quiett"
5,80,돈 Call Me (Prod.BRLLNT),염따 (YUMDDA),"YUMDDA, BRLLNT"
5,84,자니 (Feat. Dynamic Duo),프라이머리 (Primary),"프라이머리, 개코"
5,85,아낙네,MINO (송민호),"MINO, FUTURE BOUNCE, TEXU"
5,86,달려,"염따 (YUMDDA), 딥플로우 (Deepflow), 팔로알토 (Paloalto), The Quiett (더 콰이엇), 사이먼 도미닉 (Simon Dominic)","Prima Vista, Pat Van Dyke, The Quiett"
5,87,PAY DAY (Prod. GRAY),"창모 (CHANGMO), ASH ISLAND (애쉬 아일랜드), 정기고 (JUNGGIGO)","GRAY, BEATBOXDG, JUNGGIGO"
5,89,널 너무 모르고,헤이즈 (Heize),"Heize, GroovyRoom"
5,90,"Selfmade Orange 2 (feat. Changmo, Paul Blanco)",수퍼비 (SUPERBEE),"Make 4 Play, Wavy Burnz"
5,93,Ballerino,리쌍 (LEESSANG),길
5,94,Martini Blue,DPR LIVE (디피알 라이브),"DPR LIVE, DPR CREAM"
5,96,그땐 그땐 그땐,"Supreme Team (슈프림 팀), 영준 (브라운 아이드 소울)",김건우
5,100,죽일 놈 (Guilty),다이나믹 듀오 (Dynamicduo),"최자, 프라이머리, 개코"
6,1,Downtown Baby,블루 (BLOO),ROCK IT PRODUCTIONS
6,2,깡 Official Remix,"식케이 (Sik-K), pH-1 (피에이치원), 박재범 (Jay Park), 김하온 (HAON)","Keymaker, 길, 조용민"
6,3,아무노래,지코 (ZICO),"ZICO, Poptime"
6,4,METEOR,창모 (CHANGMO),CHANGMO
6,8,깡,비 (RAIN),MAGIC MANSION
6,25,"아마두 (feat.우원재, 김효은, 넉살, Huckleberry P)","염따 (YUMDDA), 딥플로우 (Deepflow), 팔로알토 (Paloalto), The Quiett (더 콰이엇), 사이먼 도미닉 (Simon Dominic)","NOISEMASTERMINSU, YUMDDA, Deepflow, 김효은, Huckleberry P"
6,26,빌었어,창모 (CHANGMO),CHANGMO
6,27,BAND,"창모 (CHANGMO), Hash Swan (해쉬 스완), ASH ISLAND (애쉬 아일랜드), 김효은 (Keemhyoeun)",CASHBANGER
6,28,Fadeaway,"Jvcki Wai (재키 와이), 쿠기 (Coogie), 팔로알토 (Paloalto), The Quiett (더 콰이엇), 뱃사공 (Bassagong)","Kid Wine, The Quiett"
6,29,COUNTIN MY GUAP,창모 (CHANGMO),CHANGMO
6,32,좋아한다니까,염따 (YUMDDA),"YUMDDA, L-Like"
6,33,시차 (We Are) (Feat. 로꼬 & GRAY),우원재 (Woo Won Jae),GRAY
6,34,아름다워,창모 (CHANGMO),CHANGMO
6,37,Selfmade Orange (Feat. SUPERBEE),창모 (CHANGMO),CHANGMO
6,38,Paranoid,ASH ISLAND (애쉬 아일랜드),"TOIL, ASH ISLAND"
6,39,트로트랩,"수퍼비 (SUPERBEE), UNEDUCATED KID (언에듀케이티드 키드), 트웰브 (twlv), Yuzion (유시온)","Flash Note, haruhi, laptopboyboy"
6,41,Swoosh Flow,창모 (CHANGMO),CHANGMO
6,42,한여름밤의 꿀,"San E (산이), 레이나 (Raina)","San E, Cosmic Sound"
6,43,"헤어지지 못하는 여자, 떠나가지 못하는 남자 (Feat. 정인)",리쌍 (LEESSANG),"길, PEEJAY"
6,44,Good Day (Feat. 팔로알토) (Prod. 코드 쿤스트),"pH-1 (피에이치원), 키드밀리 (Kid Milli), 루피 (Loopy)","CODE KUNST, 팔로알토, pH-1, Kid Milli, 루피"
6,47,"아퍼 (Feat. Kid Milli, Lil tachi, 김승민, NO:EL, C JAMM)",기리보이 (GIRIBOY),"GIRIBOY, CODE KUNST"
6,48,우연히 봄,"로꼬 (Loco), 유주 (YUJU)","똘아이박, 피터팬, 미친기집애"
6,49,Trip (Feat. Hannah),릴러말즈 (Leellamarz),"Leellamarz, TOIL, Kooky"
6,50,"And July (Feat. DEAN, DJ Friz)",헤이즈 (Heize),"Deanfluenza, Hyuk Shin, JBird, esta, Delly Boi, DK"
6,52,400km (Feat. Kid Milli),한요한 (HANYOHAN),"Minit, 한요한"
6,53,어땠을까 (Feat. 박정현),싸이 (PSY),"PSY, 유건형"
6,56,띵 (Prod. By 기리보이),"Jvcki Wai (재키 와이), 양홍원 (YANGHONGWON), Osshun Gum (오션검), 한요한 (HANYOHAN)","GIRIBOY, Jvcki Wai"
6,59,Nerdy Love (Feat. 백예린),pH-1 (피에이치원),"Mokyo, Jetti, pH-1, 백예린"
6,60,Moon Blue,GRAY (그레이),"GRAY, DAX"
6,61,비워 (Beer) (Prod. Way Ched),"창모 (CHANGMO), Hash Swan (해쉬 스완), ASH ISLAND (애쉬 아일랜드), 김효은 (Keemhyoeun), 릴러말즈 (Leellamarz), The Quiett (더 콰이엇)",Way Ched
6,62,우산 (Feat. 윤하),에픽하이 (EPIK HIGH),TABLO
6,64,"천둥벌거숭이 (Feat. Jvcki Wai, 염따)",지코 (ZICO),"ZICO, PEEJAY, Jvcki Wai, YUMDDA"
6,65,flex (Prod. By 기리보이),"기리보이 (GIRIBOY), 키드밀리 (Kid Milli), NO:EL (노엘), 스윙스 (Swings)",GIRIBOY
6,66,붕붕 (Feat. 식케이) (Prod. GroovyRoom),김하온 (HAON),"GroovyRoom, Sik-K"
6,67,GONE (Feat. Paloalto) (Prod. TOIL),"릴러말즈 (Leellamarz), TOIL (토일)","TOIL, Leellamarz, J Way"
6,68,마에스트로 (Maestro),창모 (CHANGMO),CHANGMO
6,69,호랑이소굴 (Feat. Jvcki Wai),기리보이 (GIRIBOY),"Minit, GIRIBOY, Jvcki Wai"
6,71,달링 (DARLING) (Feat. 크러쉬),식케이 (Sik-K),"Sik-K, Crush, BOYCOLD"
6,72,널 너무 모르고,헤이즈 (Heize),"Heize, GroovyRoom"
6,75,가라사대,BewhY (비와이),BewhY
6,76,"야망 (Feat. ASH ISLAND, 김효은, Hash Swan, CHANGMO) (Prod. TOIL)",릴러말즈 (Leellamarz),"TOIL, Leellamarz, The Quiett"
6,78,자니 (Feat. Dynamic Duo),프라이머리 (Primary),"프라이머리, 개코"
6,79,Y,프리스타일 (Freestyle),지오
6,80,아이야 (Feat. Beenzino),창모 (CHANGMO),CHANGMO
6,81,IndiGO,"저스디스 (JUSTHIS), 키드밀리 (Kid Milli), NO:EL (노엘), 양홍원 (YANGHONGWON)",BRLLNT
6,82,Boys And Girls (Feat. Babylon),지코 (ZICO),"ZICO, Poptime"
6,84,Ballerino,리쌍 (LEESSANG),길
6,85,교통정리 (Feat. 헤이즈),기리보이 (GIRIBOY),"GIRIBOY, Heize, Johnny"
6,86,"담아 (Feat. 염따, pH-1) (Prod. BOYCOLD)","스윙스 (Swings), 키드밀리 (Kid Milli), 매드클라운 (Mad Clown)","BOYCOLD, YUMDDA"
6,88,사람,지코 (ZICO),"ZICO, Poptime"
6,89,Martini Blue,DPR LIVE (디피알 라이브),"DPR LIVE, DPR CREAM"
6,91,돈 Call Me (Prod.BRLLNT),염따 (YUMDDA),"YUMDDA, BRLLNT"
6,93,"방에 혼자 있을 때 (Feat. CHANGMO, ASH ISLAND)",릴러말즈 (Leellamarz),"TOIL, TheQuiett"
6,94,아낙네,MINO (송민호),"MINO, FUTURE BOUNCE, TEXU"
6,95,그땐 그땐 그땐,"Supreme Team (슈프림 팀), 영준 (브라운 아이드 소울)",김건우
6,97,Amanda (Feat. Simon Dominic) (Prod. By UNTITLEDS),염따 (YUMDDA),"UNTITLEDS, YUMDDA"
6,99,Summer!,"수퍼비 (SUPERBEE), UNEDUCATED KID (언에듀케이티드 키드), 트웰브 (twlv), Yuzion (유시온)","Liam K, SUPERBEE, Uneducated Kid"
7,2,Summer Hate (Feat. 비),지코 (ZICO),"ZICO, Poptime"
7,3,Downtown Baby,블루 (BLOO),ROCK IT PRODUCTIONS
7,5,METEOR,창모 (CHANGMO),CHANGMO
7,6,아무노래,지코 (ZICO),"ZICO, Poptime"
7,7,깡 Official Remix,"식케이 (Sik-K), pH-1 (피에이치원), 박재범 (Jay Park), 김하온 (HAON)","Keymaker, 길, 조용민"
7,14,Error (Feat. Loopy),ASH ISLAND (애쉬 아일랜드),"TOIL, ASH ISLAND, Skinny Brown"
7,25,깡,비 (RAIN),MAGIC MANSION
7,28,빌었어,창모 (CHANGMO),CHANGMO
7,29,BAND,"창모 (CHANGMO), Hash Swan (해쉬 스완), ASH ISLAND (애쉬 아일랜드), 김효은 (Keemhyoeun)",CASHBANGER
7,30,"아마두 (feat.우원재, 김효은, 넉살, Huckleberry P)","염따 (YUMDDA), 딥플로우 (Deepflow), 팔로알토 (Paloalto), The Quiett (더 콰이엇), 사이먼 도미닉 (Simon Dominic)","NOISEMASTERMINSU, YUMDDA, Deepflow, 김효은, Huckleberry P"
7,31,곡예사,조광일 (Gwangil Jo),AHWU
7,35,시차 (We Are) (Feat. 로꼬 & GRAY),우원재 (Woo Won Jae),GRAY
7,36,아름다워,창모 (CHANGMO),CHANGMO
7,37,Paranoid,ASH ISLAND (애쉬 아일랜드),"TOIL, ASH ISLAND"
7,38,한여름밤의 꿀,"San E (산이), 레이나 (Raina)","San E, Cosmic Sound"
7,39,만화영화 (Cartoon),지코 (ZICO),"ZICO, Poptime, brightenlight"
7,41,Fadeaway,"Jvcki Wai (재키 와이), 쿠기 (Coogie), 팔로알토 (Paloalto), The Quiett (더 콰이엇), 뱃사공 (Bassagong)","Kid Wine, The Quiett"
7,42,웬수 (Feat. BIBI),지코 (ZICO),"ZICO, Poptime"
7,43,Selfmade Orange (Feat. SUPERBEE),창모 (CHANGMO),CHANGMO
7,47,Good Day (Feat. 팔로알토) (Prod. 코드 쿤스트),"pH-1 (피에이치원), 키드밀리 (Kid Milli), 루피 (Loopy)","CODE KUNST, 팔로알토, pH-1, Kid Milli, 루피"
7,49,좋아한다니까,염따 (YUMDDA),"YUMDDA, L-Like"
7,50,Trip (Feat. Hannah),릴러말즈 (Leellamarz),"Leellamarz, TOIL, Kooky"
7,53,"헤어지지 못하는 여자, 떠나가지 못하는 남자 (Feat. 정인)",리쌍 (LEESSANG),"길, PEEJAY"
7,54,"And July (Feat. DEAN, DJ Friz)",헤이즈 (Heize),"Deanfluenza, Hyuk Shin, JBird, esta, Delly Boi, DK"
7,55,우산 (Feat. 윤하),에픽하이 (EPIK HIGH),TABLO
7,56,COUNTIN MY GUAP,창모 (CHANGMO),CHANGMO
7,57,"아퍼 (Feat. Kid Milli, Lil tachi, 김승민, NO:EL, C JAMM)",기리보이 (GIRIBOY),"GIRIBOY, CODE KUNST"
7,58,어땠을까 (Feat. 박정현),싸이 (PSY),"PSY, 유건형"
7,59,No you can't,지코 (ZICO),"ZICO, Poptime"
7,63,400km (Feat. Kid Milli),한요한 (HANYOHAN),"Minit, 한요한"
7,64,Summer!,"수퍼비 (SUPERBEE), UNEDUCATED KID (언에듀케이티드 키드), 트웰브 (twlv), Yuzion (유시온)","Liam K, SUPERBEE, Uneducated Kid"
7,65,띵 (Prod. By 기리보이),"Jvcki Wai (재키 와이), 양홍원 (YANGHONGWON), Osshun Gum (오션검), 한요한 (HANYOHAN)","GIRIBOY, Jvcki Wai"
7,68,우연히 봄,"로꼬 (Loco), 유주 (YUJU)","똘아이박, 피터팬, 미친기집애"
7,69,비워 (Beer) (Prod. Way Ched),"창모 (CHANGMO), Hash Swan (해쉬 스완), ASH ISLAND (애쉬 아일랜드), 김효은 (Keemhyoeun), 릴러말즈 (Leellamarz), The Quiett (더 콰이엇)",Way Ched
7,70,널 너무 모르고,헤이즈 (Heize),"Heize, GroovyRoom"
7,73,"천둥벌거숭이 (Feat. Jvcki Wai, 염따)",지코 (ZICO),"ZICO, PEEJAY, Jvcki Wai, YUMDDA"
7,74,Y,프리스타일 (Freestyle),지오
7,76,Roommate,지코 (ZICO),"ZICO, Noden"
7,77,붕붕 (Feat. 식케이) (Prod. GroovyRoom),김하온 (HAON),"GroovyRoom, Sik-K"
7,79,flex (Prod. By 기리보이),"기리보이 (GIRIBOY), 키드밀리 (Kid Milli), NO:EL (노엘), 스윙스 (Swings)",GIRIBOY
7,82,트로트랩,"수퍼비 (SUPERBEE), UNEDUCATED KID (언에듀케이티드 키드), 트웰브 (twlv), Yuzion (유시온)","Flash Note, haruhi, laptopboyboy"
7,83,마에스트로 (Maestro),창모 (CHANGMO),CHANGMO
7,84,자니 (Feat. Dynamic Duo),프라이머리 (Primary),"프라이머리, 개코"
7,87,Boys And Girls (Feat. Babylon),지코 (ZICO),"ZICO, Poptime"
7,89,IndiGO,"저스디스 (JUSTHIS), 키드밀리 (Kid Milli), NO:EL (노엘), 양홍원 (YANGHONGWON)",BRLLNT
7,90,GONE (Feat. Paloalto) (Prod. TOIL),"릴러말즈 (Leellamarz), TOIL (토일)","TOIL, Leellamarz, J Way"
7,91,"야망 (Feat. ASH ISLAND, 김효은, Hash Swan, CHANGMO) (Prod. TOIL)",릴러말즈 (Leellamarz),"TOIL, Leellamarz, The Quiett"
7,93,Martini Blue,DPR LIVE (디피알 라이브),"DPR LIVE, DPR CREAM"
7,95,아이야 (Feat. Beenzino),창모 (CHANGMO),CHANGMO
7,96,Nerdy Love (Feat. 백예린),pH-1 (피에이치원),"Mokyo, Jetti, pH-1, 백예린"
7,98,호랑이소굴 (Feat. Jvcki Wai),기리보이 (GIRIBOY),"Minit, GIRIBOY, Jvcki Wai"
7,99,가라사대,BewhY (비와이),BewhY
8,2,Summer Hate (Feat. 비),지코 (ZICO),"ZICO, Poptime"
8,3,눈누난나 (NUNU NANA),제시 (Jessi),"유건형, 페노메코, 전병일, 강필성"
8,4,Downtown Baby,블루 (BLOO),ROCK IT PRODUCTIONS
8,5,LINDA (Feat. 윤미래),린다G (Linda G),"CODE KUNST, 박종권, devita, 윤미래"
8,7,METEOR,창모 (CHANGMO),CHANGMO
8,8,아무노래,지코 (ZICO),"ZICO, Poptime"
8,12,깡 Official Remix,"식케이 (Sik-K), pH-1 (피에이치원), 박재범 (Jay Park), 김하온 (HAON)","Keymaker, 길, 조용민"
8,18,Error (Feat. Loopy),ASH ISLAND (애쉬 아일랜드),"TOIL, ASH ISLAND, Skinny Brown"
8,26,STAY THE NIGHT (Feat. DeVita),GRAY (그레이),"GRAY, DeVita"
8,30,BAND,"창모 (CHANGMO), Hash Swan (해쉬 스완), ASH ISLAND (애쉬 아일랜드), 김효은 (Keemhyoeun)",CASHBANGER
8,31,빌었어,창모 (CHANGMO),CHANGMO
8,32,"아마두 (feat.우원재, 김효은, 넉살, Huckleberry P)","염따 (YUMDDA), 딥플로우 (Deepflow), 팔로알토 (Paloalto), The Quiett (더 콰이엇), 사이먼 도미닉 (Simon Dominic)","NOISEMASTERMINSU, YUMDDA, Deepflow, 김효은, Huckleberry P"
8,34,곡예사,조광일 (Gwangil Jo),AHWU
8,37,시차 (We Are) (Feat. 로꼬 & GRAY),우원재 (Woo Won Jae),GRAY
8,38,아름다워,창모 (CHANGMO),CHANGMO
8,39,한여름밤의 꿀,"San E (산이), 레이나 (Raina)","San E, Cosmic Sound"
8,40,Paranoid,ASH ISLAND (애쉬 아일랜드),"TOIL, ASH ISLAND"
8,41,깡,비 (RAIN),MAGIC MANSION
8,42,Selfmade Orange (Feat. SUPERBEE),창모 (CHANGMO),CHANGMO
8,43,Trip (Feat. Hannah),릴러말즈 (Leellamarz),"Leellamarz, TOIL, Kooky"
8,45,Good Day (Feat. 팔로알토) (Prod. 코드 쿤스트),"pH-1 (피에이치원), 키드밀리 (Kid Milli), 루피 (Loopy)","CODE KUNST, 팔로알토, pH-1, Kid Milli, 루피"
8,48,어땠을까 (Feat. 박정현),싸이 (PSY),"PSY, 유건형"
8,49,우산 (Feat. 윤하),에픽하이 (EPIK HIGH),TABLO
8,50,"헤어지지 못하는 여자, 떠나가지 못하는 남자 (Feat. 정인)",리쌍 (LEESSANG),"길, PEEJAY"
8,52,"And July (Feat. DEAN, DJ Friz)",헤이즈 (Heize),"Deanfluenza, Hyuk Shin, JBird, esta, Delly Boi, DK"
8,53,"아퍼 (Feat. Kid Milli, Lil tachi, 김승민, NO:EL, C JAMM)",기리보이 (GIRIBOY),"GIRIBOY, CODE KUNST"
8,55,Fadeaway,"Jvcki Wai (재키 와이), 쿠기 (Coogie), 팔로알토 (Paloalto), The Quiett (더 콰이엇), 뱃사공 (Bassagong)","Kid Wine, The Quiett"
8,56,400km (Feat. Kid Milli),한요한 (HANYOHAN),"Minit, 한요한"
8,59,띵 (Prod. By 기리보이),"Jvcki Wai (재키 와이), 양홍원 (YANGHONGWON), Osshun Gum (오션검), 한요한 (HANYOHAN)","GIRIBOY, Jvcki Wai"
8,60,자니 (Feat. Dynamic Duo),프라이머리 (Primary),"프라이머리, 개코"
8,66,붕붕 (Feat. 식케이) (Prod. GroovyRoom),김하온 (HAON),"GroovyRoom, Sik-K"
8,68,비워 (Beer) (Prod. Way Ched),"창모 (CHANGMO), Hash Swan (해쉬 스완), ASH ISLAND (애쉬 아일랜드), 김효은 (Keemhyoeun), 릴러말즈 (Leellamarz), The Quiett (더 콰이엇)",Way Ched
8,70,널 너무 모르고,헤이즈 (Heize),"Heize, GroovyRoom"
8,72,우연히 봄,"로꼬 (Loco), 유주 (YUJU)","똘아이박, 피터팬, 미친기집애"
8,73,flex (Prod. By 기리보이),"기리보이 (GIRIBOY), 키드밀리 (Kid Milli), NO:EL (노엘), 스윙스 (Swings)",GIRIBOY
8,75,GONE (Feat. Paloalto) (Prod. TOIL),"릴러말즈 (Leellamarz), TOIL (토일)","TOIL, Leellamarz, J Way"
8,76,마에스트로 (Maestro),창모 (CHANGMO),CHANGMO
8,77,"Swoosh Flow Remix (Feat. 365lit, ZENE THE ZILLA, Chamane, Paul Blanco, Damndef, 김효은 & Northfacegawd)",창모 (CHANGMO),CHANGMO
8,78,"야망 (Feat. ASH ISLAND, 김효은, Hash Swan, CHANGMO) (Prod. TOIL)",릴러말즈 (Leellamarz),"TOIL, Leellamarz, The Quiett"
8,79,IndiGO,"저스디스 (JUSTHIS), 키드밀리 (Kid Milli), NO:EL (노엘), 양홍원 (YANGHONGWON)",BRLLNT
8,80,"천둥벌거숭이 (Feat. Jvcki Wai, 염따)",지코 (ZICO),"ZICO, PEEJAY, Jvcki Wai, YUMDDA"
8,82,뜨거운 안녕 (Feat. 성시경),싸이 (PSY),"유희열, 김태훈, 유건형"
8,83,COUNTIN MY GUAP,창모 (CHANGMO),CHANGMO
8,84,몸매 (MOMMAE) (Feat. Ugly Duck),박재범 (Jay Park),"Jay Park, GRAY"
8,85,아이야 (Feat. Beenzino),창모 (CHANGMO),CHANGMO
8,86,Y,프리스타일 (Freestyle),지오
8,88,Martini Blue,DPR LIVE (디피알 라이브),"DPR LIVE, DPR CREAM"
8,89,Boys And Girls (Feat. Babylon),지코 (ZICO),"ZICO, Poptime"
8,90,Ballerino,리쌍 (LEESSANG),길
8,91,가라사대,BewhY (비와이),BewhY
8,92,호랑이소굴 (Feat. Jvcki Wai),기리보이 (GIRIBOY),"Minit, GIRIBOY, Jvcki Wai"
8,93,그땐 그땐 그땐,"Supreme Team (슈프림 팀), 영준 (브라운 아이드 소울)",김건우
8,95,Nerdy Love (Feat. 백예린),pH-1 (피에이치원),"Mokyo, Jetti, pH-1, 백예린"
8,97,죽일 놈 (Guilty),다이나믹 듀오 (Dynamicduo),"최자, 프라이머리, 개코"
8,98,좋아한다니까,염따 (YUMDDA),"YUMDDA, L-Like"
8,99,악몽,ASH ISLAND (애쉬 아일랜드),TOIL
8,100,"방에 혼자 있을 때 (Feat. CHANGMO, ASH ISLAND)",릴러말즈 (Leellamarz),"TOIL, TheQuiett"
9,1,눈누난나 (NUNU NANA),제시 (Jessi),"유건형, 페노메코, 전병일, 강필성"
9,3,Downtown Baby,블루 (BLOO),ROCK IT PRODUCTIONS
9,4,Summer Hate (Feat. 비),지코 (ZICO),"ZICO, Poptime"
9,6,METEOR,창모 (CHANGMO),CHANGMO
9,7,아무노래,지코 (ZICO),"ZICO, Poptime"
9,10,LINDA (Feat. 윤미래),린다G (Linda G),"CODE KUNST, 박종권, devita, 윤미래"
9,20,깡 Official Remix,"식케이 (Sik-K), pH-1 (피에이치원), 박재범 (Jay Park), 김하온 (HAON)","Keymaker, 길, 조용민"
9,25,Error (Feat. Loopy),ASH ISLAND (애쉬 아일랜드),"TOIL, ASH ISLAND, Skinny Brown"
9,28,BAND,"창모 (CHANGMO), Hash Swan (해쉬 스완), ASH ISLAND (애쉬 아일랜드), 김효은 (Keemhyoeun)",CASHBANGER
9,29,STAY THE NIGHT (Feat. DeVita),GRAY (그레이),"GRAY, DeVita"
9,30,빌었어,창모 (CHANGMO),CHANGMO
9,31,"아마두 (feat.우원재, 김효은, 넉살, Huckleberry P)","염따 (YUMDDA), 딥플로우 (Deepflow), 팔로알토 (Paloalto), The Quiett (더 콰이엇), 사이먼 도미닉 (Simon Dominic)","NOISEMASTERMINSU, YUMDDA, Deepflow, 김효은, Huckleberry P"
9,32,시차 (We Are) (Feat. 로꼬 & GRAY),우원재 (Woo Won Jae),GRAY
9,33,아름다워,창모 (CHANGMO),CHANGMO
9,40,Paranoid,ASH ISLAND (애쉬 아일랜드),"TOIL, ASH ISLAND"
9,41,어땠을까 (Feat. 박정현),싸이 (PSY),"PSY, 유건형"
9,42,Good Day (Feat. 팔로알토) (Prod. 코드 쿤스트),"pH-1 (피에이치원), 키드밀리 (Kid Milli), 루피 (Loopy)","CODE KUNST, 팔로알토, pH-1, Kid Milli, 루피"
9,43,"헤어지지 못하는 여자, 떠나가지 못하는 남자 (Feat. 정인)",리쌍 (LEESSANG),"길, PEEJAY"
9,44,Selfmade Orange (Feat. SUPERBEE),창모 (CHANGMO),CHANGMO
9,46,곡예사,조광일 (Gwangil Jo),AHWU
9,48,Trip (Feat. Hannah),릴러말즈 (Leellamarz),"Leellamarz, TOIL, Kooky"
9,50,한여름밤의 꿀,"San E (산이), 레이나 (Raina)","San E, Cosmic Sound"
9,52,"And July (Feat. DEAN, DJ Friz)",헤이즈 (Heize),"Deanfluenza, Hyuk Shin, JBird, esta, Delly Boi, DK"
9,54,"아퍼 (Feat. Kid Milli, Lil tachi, 김승민, NO:EL, C JAMM)",기리보이 (GIRIBOY),"GIRIBOY, CODE KUNST"
9,55,깡,비 (RAIN),MAGIC MANSION
9,56,우산 (Feat. 윤하),에픽하이 (EPIK HIGH),TABLO
9,57,400km (Feat. Kid Milli),한요한 (HANYOHAN),"Minit, 한요한"
9,60,자니 (Feat. Dynamic Duo),프라이머리 (Primary),"프라이머리, 개코"
9,62,띵 (Prod. By 기리보이),"Jvcki Wai (재키 와이), 양홍원 (YANGHONGWON), Osshun Gum (오션검), 한요한 (HANYOHAN)","GIRIBOY, Jvcki Wai"
9,64,"올인 (Feat. Paul Blanco, 창모)",한요한 (HANYOHAN),"한요한, Minit"
9,66,Ballerino,리쌍 (LEESSANG),길
9,67,널 너무 모르고,헤이즈 (Heize),"Heize, GroovyRoom"
9,68,그땐 그땐 그땐,"Supreme Team (슈프림 팀), 영준 (브라운 아이드 소울)",김건우
9,71,붕붕 (Feat. 식케이) (Prod. GroovyRoom),김하온 (HAON),"GroovyRoom, Sik-K"
9,72,GONE (Feat. Paloalto) (Prod. TOIL),"릴러말즈 (Leellamarz), TOIL (토일)","TOIL, Leellamarz, J Way"
9,75,Fadeaway,"Jvcki Wai (재키 와이), 쿠기 (Coogie), 팔로알토 (Paloalto), The Quiett (더 콰이엇), 뱃사공 (Bassagong)","Kid Wine, The Quiett"
9,76,우연히 봄,"로꼬 (Loco), 유주 (YUJU)","똘아이박, 피터팬, 미친기집애"
9,80,죽일 놈 (Guilty),다이나믹 듀오 (Dynamicduo),"최자, 프라이머리, 개코"
9,82,마에스트로 (Maestro),창모 (CHANGMO),CHANGMO
9,83,시간이 들겠지 (Feat. Colde),로꼬 (Loco),"APRO, 로꼬, Colde"
9,87,flex (Prod. By 기리보이),"기리보이 (GIRIBOY), 키드밀리 (Kid Milli), NO:EL (노엘), 스윙스 (Swings)",GIRIBOY
9,88,비워 (Beer) (Prod. Way Ched),"창모 (CHANGMO), Hash Swan (해쉬 스완), ASH ISLAND (애쉬 아일랜드), 김효은 (Keemhyoeun), 릴러말즈 (Leellamarz), The Quiett (더 콰이엇)",Way Ched
9,90,"야망 (Feat. ASH ISLAND, 김효은, Hash Swan, CHANGMO) (Prod. TOIL)",릴러말즈 (Leellamarz),"TOIL, Leellamarz, The Quiett"
9,91,악몽,ASH ISLAND (애쉬 아일랜드),TOIL
9,92,IndiGO,"저스디스 (JUSTHIS), 키드밀리 (Kid Milli), NO:EL (노엘), 양홍원 (YANGHONGWON)",BRLLNT
9,93,아이야 (Feat. Beenzino),창모 (CHANGMO),CHANGMO
9,94,연애소설 (Feat. 아이유),에픽하이 (EPIK HIGH),"TABLO, DJ Tukutz"
9,95,"천둥벌거숭이 (Feat. Jvcki Wai, 염따)",지코 (ZICO),"ZICO, PEEJAY, Jvcki Wai, YUMDDA"
9,96,몸매 (MOMMAE) (Feat. Ugly Duck),박재범 (Jay Park),"Jay Park, GRAY"
9,97,돌아오지마 (Feat. 용준형 Of 비스트),헤이즈 (Heize),"Heize, BrotherSu"
9,99,Martini Blue,DPR LIVE (디피알 라이브),"DPR LIVE, DPR CREAM"
10,1,눈누난나 (NUNU NANA),제시 (Jessi),"유건형, 페노메코, 전병일, 강필성"
10,3,Downtown Baby,블루 (BLOO),ROCK IT PRODUCTIONS
10,5,METEOR,창모 (CHANGMO),CHANGMO
10,6,Summer Hate (Feat. 비),지코 (ZICO),"ZICO, Poptime"
10,9,아무노래,지코 (ZICO),"ZICO, Poptime"
10,14,잠이 들어야 (Feat. 헤이즈),로꼬 (Loco),"CODE KUNST, 로꼬, Heize, 박종권"
10,15,LINDA (Feat. 윤미래),린다G (Linda G),"CODE KUNST, 박종권, devita, 윤미래"
10,25,우리서로사랑하지는말자,기리보이 (GIRIBOY),"GIRIBOY, 바이빈"
10,26,연기 (With 헤이즈),기리보이 (GIRIBOY),"GIRIBOY, 바이빈, 헤이즈, 글림"
10,29,Error (Feat. Loopy),ASH ISLAND (애쉬 아일랜드),"TOIL, ASH ISLAND, Skinny Brown"
10,30,깡 Official Remix,"식케이 (Sik-K), pH-1 (피에이치원), 박재범 (Jay Park), 김하온 (HAON)","Keymaker, 길, 조용민"
10,33,BAND,"창모 (CHANGMO), Hash Swan (해쉬 스완), ASH ISLAND (애쉬 아일랜드), 김효은 (Keemhyoeun)",CASHBANGER
10,35,빌었어,창모 (CHANGMO),CHANGMO
10,37,아름다워,창모 (CHANGMO),CHANGMO
10,38,시차 (We Are) (Feat. 로꼬 & GRAY),우원재 (Woo Won Jae),GRAY
10,41,"아마두 (feat.우원재, 김효은, 넉살, Huckleberry P)","염따 (YUMDDA), 딥플로우 (Deepflow), 팔로알토 (Paloalto), The Quiett (더 콰이엇), 사이먼 도미닉 (Simon Dominic)","NOISEMASTERMINSU, YUMDDA, Deepflow, 김효은, Huckleberry P"
10,44,"헤어지지 못하는 여자, 떠나가지 못하는 남자 (Feat. 정인)",리쌍 (LEESSANG),"길, PEEJAY"
10,45,Good Day (Feat. 팔로알토) (Prod. 코드 쿤스트),"pH-1 (피에이치원), 키드밀리 (Kid Milli), 루피 (Loopy)","CODE KUNST, 팔로알토, pH-1, Kid Milli, 루피"
10,46,라식,기리보이 (GIRIBOY),"GIRIBOY, Johnny, Chiic, 글림"
10,47,어땠을까 (Feat. 박정현),싸이 (PSY),"PSY, 유건형"
10,48,Paranoid,ASH ISLAND (애쉬 아일랜드),"TOIL, ASH ISLAND"
10,49,Selfmade Orange (Feat. SUPERBEE),창모 (CHANGMO),CHANGMO
10,52,STAY THE NIGHT (Feat. DeVita),GRAY (그레이),"GRAY, DeVita"
10,55,She Said (with BIBI),Crush (크러쉬),"Crush, BIBI, Stay Tuned"
10,56,Trip (Feat. Hannah),릴러말즈 (Leellamarz),"Leellamarz, TOIL, Kooky"
10,59,곡예사,조광일 (Gwangil Jo),AHWU
10,60,시간이 들겠지 (Feat. Colde),로꼬 (Loco),"APRO, 로꼬, Colde"
10,61,"And July (Feat. DEAN, DJ Friz)",헤이즈 (Heize),"Deanfluenza, Hyuk Shin, JBird, esta, Delly Boi, DK"
10,63,"아퍼 (Feat. Kid Milli, Lil tachi, 김승민, NO:EL, C JAMM)",기리보이 (GIRIBOY),"GIRIBOY, CODE KUNST"
10,64,5 Gawd 2 (Warrior Flow),수퍼비 (SUPERBEE),"FLASH NOTE, SUPERBEE"
10,67,400km (Feat. Kid Milli),한요한 (HANYOHAN),"Minit, 한요한"
10,68,자니 (Feat. Dynamic Duo),프라이머리 (Primary),"프라이머리, 개코"
10,69,이제서야 (Feat. 카더가든),로꼬 (Loco),"moocean, 로꼬, 카더가든"
10,74,띵 (Prod. By 기리보이),"Jvcki Wai (재키 와이), 양홍원 (YANGHONGWON), Osshun Gum (오션검), 한요한 (HANYOHAN)","GIRIBOY, Jvcki Wai"
10,75,한여름밤의 꿀,"San E (산이), 레이나 (Raina)","San E, Cosmic Sound"
10,76,Ballerino,리쌍 (LEESSANG),길
10,77,귀가,로꼬 (Loco),"hoiwave, ampoff, 로꼬"
10,78,GONE (Feat. Paloalto) (Prod. TOIL),"릴러말즈 (Leellamarz), TOIL (토일)","TOIL, Leellamarz, J Way"
10,79,Oscar,"pH-1 (피에이치원), 지소울 (GSoul), BIG Naughty (서동현), 박재범 (Jay Park)","Vangdale, pH-1, 지소울, BIG Naughty, Jay Park"
10,83,그땐 그땐 그땐,"Supreme Team (슈프림 팀), 영준 (브라운 아이드 소울)",김건우
10,86,죽일 놈 (Guilty),다이나믹 듀오 (Dynamicduo),"최자, 프라이머리, 개코"
10,88,붕붕 (Feat. 식케이) (Prod. GroovyRoom),김하온 (HAON),"GroovyRoom, Sik-K"
10,91,외곽순환도로 (Feat. Thama),GARY (개리),"개리, Spray, L-Like"
10,93,널 너무 모르고,헤이즈 (Heize),"Heize, GroovyRoom"
10,94,우산 (Feat. 윤하),에픽하이 (EPIK HIGH),TABLO
10,95,우연히 봄,"로꼬 (Loco), 유주 (YUJU)","똘아이박, 피터팬, 미친기집애"
10,96,flex (Prod. By 기리보이),"기리보이 (GIRIBOY), 키드밀리 (Kid Milli), NO:EL (노엘), 스윙스 (Swings)",GIRIBOY
10,98,연애소설 (Feat. 아이유),에픽하이 (EPIK HIGH),"TABLO, DJ Tukutz"
10,100,마에스트로 (Maestro),창모 (CHANGMO),CHANGMO
11,1,눈누난나 (NUNU NANA),제시 (Jessi),"유건형, 페노메코, 전병일, 강필성"
11,3,METEOR,창모 (CHANGMO),CHANGMO
11,4,VVS (Feat. JUSTHIS) (Prod. GroovyRoom),"미란이 (Mirani), 먼치맨(MUNCHMAN), Khundi Panda (쿤디 판다), 머쉬베놈 (MUSHVENOM)","GroovyRoom, JUSTHIS, Sik-K"
11,5,Downtown Baby,블루 (BLOO),ROCK IT PRODUCTIONS
11,9,아무노래,지코 (ZICO),"ZICO, Poptime"
11,11,Summer Hate (Feat. 비),지코 (ZICO),"ZICO, Poptime"
11,13,도망가,MINO (송민호),"MINO, 강욱진, Diggy"
11,14,잠이 들어야 (Feat. 헤이즈),로꼬 (Loco),"CODE KUNST, 로꼬, Heize, 박종권"
11,15,Freak (Prod. Slom),"릴보이 (lIlBOI), 원슈타인 (Wonstein), Chillin Homie (칠린호미), 스카이민혁 (Skyminhyuk)","Slom, 박준우, Zion.T, GIRIBOY"
11,16,원해 (Feat. 팔로알토) (Prod. 코드 쿤스트),"스윙스 (Swings), 맥대디 (Mckdaddy), Khakii (카키), 래원 (Layone)","CODE KUNST, 팔로알토, 박종권"
11,17,광장동에서,창모 (CHANGMO),"CHANGMO, Panda Gomm, Catchup"
11,23,"윈윈 (Feat. 개코, BewhY) (Prod. BewhY)","허성현 (Huh!), dsel (디젤), 가오가이 (kaogaii), Untell (언텔)","BewhY, 개코"
11,28,LINDA (Feat. 윤미래),린다G (Linda G),"CODE KUNST, 박종권, devita, 윤미래"
11,29,너의 하루 (바른연애 길잡이 X 로꼬),로꼬 (Loco),"hoiwave, 로꼬"
11,31,우리서로사랑하지는말자,기리보이 (GIRIBOY),"GIRIBOY, 바이빈"
11,32,보자보자,머쉬베놈 (MUSHVENOM),"SLO, MUSHVENOM"
11,35,Error (Feat. Loopy),ASH ISLAND (애쉬 아일랜드),"TOIL, ASH ISLAND, Skinny Brown"
11,37,SOON (Feat. BewhY),다이나믹 듀오 (Dynamicduo),"plusNONE, 개코"
11,38,시차 (We Are) (Feat. 로꼬 & GRAY),우원재 (Woo Won Jae),GRAY
11,39,G+Jus Freestyle (Prod. GroovyRoom),저스디스 (JUSTHIS),"GroovyRoom, JUSTHIS"
11,40,BAND,"창모 (CHANGMO), Hash Swan (해쉬 스완), ASH ISLAND (애쉬 아일랜드), 김효은 (Keemhyoeun)",CASHBANGER
11,41,아름다워,창모 (CHANGMO),CHANGMO
11,42,빌었어,창모 (CHANGMO),CHANGMO
11,43,Good Day (Feat. 팔로알토) (Prod. 코드 쿤스트),"pH-1 (피에이치원), 키드밀리 (Kid Milli), 루피 (Loopy)","CODE KUNST, 팔로알토, pH-1, Kid Milli, 루피"
11,46,"아마두 (feat.우원재, 김효은, 넉살, Huckleberry P)","염따 (YUMDDA), 딥플로우 (Deepflow), 팔로알토 (Paloalto), The Quiett (더 콰이엇), 사이먼 도미닉 (Simon Dominic)","NOISEMASTERMINSU, YUMDDA, Deepflow, 김효은, Huckleberry P"
11,50,깡 Official Remix,"식케이 (Sik-K), pH-1 (피에이치원), 박재범 (Jay Park), 김하온 (HAON)","Keymaker, 길, 조용민"
11,52,Paranoid,ASH ISLAND (애쉬 아일랜드),"TOIL, ASH ISLAND"
11,53,사랑은(Feat.원슈타인),마미손 (Mommy Son),"권한얼, 원슈타인, 마미손"
11,54,"헤어지지 못하는 여자, 떠나가지 못하는 남자 (Feat. 정인)",리쌍 (LEESSANG),"길, PEEJAY"
11,57,Officially Missing You,긱스 (Geeks),7 Aurelius
11,58,Selfmade Orange (Feat. SUPERBEE),창모 (CHANGMO),CHANGMO
11,59,왜 이리 시끄러운 것이냐 (Prod. SLO),머쉬베놈 (MUSHVENOM),"SLO, MUSHVENOM"
11,63,시간이 들겠지 (Feat. Colde),로꼬 (Loco),"APRO, 로꼬, Colde"
11,65,어땠을까 (Feat. 박정현),싸이 (PSY),"PSY, 유건형"
11,68,곡예사,조광일 (Gwangil Jo),AHWU
11,70,Trip (Feat. Hannah),릴러말즈 (Leellamarz),"Leellamarz, TOIL, Kooky"
11,71,자니 (Feat. Dynamic Duo),프라이머리 (Primary),"프라이머리, 개코"
11,72,She Said (with BIBI),Crush (크러쉬),"Crush, BIBI, Stay Tuned"
11,73,"아퍼 (Feat. Kid Milli, Lil tachi, 김승민, NO:EL, C JAMM)",기리보이 (GIRIBOY),"GIRIBOY, CODE KUNST"
11,75,연기 (With 헤이즈),기리보이 (GIRIBOY),"GIRIBOY, 바이빈, 헤이즈, 글림"
11,76,"And July (Feat. DEAN, DJ Friz)",헤이즈 (Heize),"Deanfluenza, Hyuk Shin, JBird, esta, Delly Boi, DK"
11,77,IndiGO,"저스디스 (JUSTHIS), 키드밀리 (Kid Milli), NO:EL (노엘), 양홍원 (YANGHONGWON)",BRLLNT
11,81,왔다,머쉬베놈 (MUSHVENOM),"TOIL, MUSHVENOM"
11,82,붕붕 (Feat. 식케이) (Prod. GroovyRoom),김하온 (HAON),"GroovyRoom, Sik-K"
11,83,400km (Feat. Kid Milli),한요한 (HANYOHAN),"Minit, 한요한"
11,84,띵 (Prod. By 기리보이),"Jvcki Wai (재키 와이), 양홍원 (YANGHONGWON), Osshun Gum (오션검), 한요한 (HANYOHAN)","GIRIBOY, Jvcki Wai"
11,87,아낙네,MINO (송민호),"MINO, FUTURE BOUNCE, TEXU"
11,88,가라사대,BewhY (비와이),BewhY
11,90,flex (Prod. By 기리보이),"기리보이 (GIRIBOY), 키드밀리 (Kid Milli), NO:EL (노엘), 스윙스 (Swings)",GIRIBOY
11,91,죽일 놈 (Guilty),다이나믹 듀오 (Dynamicduo),"최자, 프라이머리, 개코"
11,92,GONE (Feat. Paloalto) (Prod. TOIL),"릴러말즈 (Leellamarz), TOIL (토일)","TOIL, Leellamarz, J Way"
11,93,Ballerino,리쌍 (LEESSANG),길
11,94,그땐 그땐 그땐,"Supreme Team (슈프림 팀), 영준 (브라운 아이드 소울)",김건우
11,97,BENTLEY 2 (Feat. 염따),The Quiett (더 콰이엇),"noisemasterminsu, AP Boi, Doplamingo"
11,99,Ok man (Feat. BOBBY),MINO (송민호),MINO
12,1,VVS (Feat. JUSTHIS) (Prod. GroovyRoom),"미란이 (Mirani), 먼치맨(MUNCHMAN), Khundi Panda (쿤디 판다), 머쉬베놈 (MUSHVENOM)","GroovyRoom, JUSTHIS, Sik-K"
12,2,"내일이 오면 (Feat. 기리보이, BIG Naughty (서동현))",릴보이 (lIlBOI),"Minit, GIRIBOY, lIlBOI, BIG Naughty, Slom, 박준우, fisherman"
12,4,Freak (Prod. Slom),"릴보이 (lIlBOI), 원슈타인 (Wonstein), Chillin Homie (칠린호미), 스카이민혁 (Skyminhyuk)","Slom, 박준우, Zion.T, GIRIBOY"
12,5,"Achoo (Feat. pH-1, HAON) (Prod. GroovyRoom)",미란이 (Mirani),"GroovyRoom, pH-1, 미란이"
12,6,뿌리 (Feat. JUSTHIS) (Prod. GroovyRoom),Khundi Panda (쿤디 판다),"JUSTHIS, GroovyRoom"
12,8,METEOR,창모 (CHANGMO),CHANGMO
12,9,눈누난나 (NUNU NANA),제시 (Jessi),"유건형, 페노메코, 전병일, 강필성"
12,10,원해 (Feat. 팔로알토) (Prod. 코드 쿤스트),"스윙스 (Swings), 맥대디 (Mckdaddy), Khakii (카키), 래원 (Layone)","CODE KUNST, 팔로알토, 박종권"
12,11,적외선 카메라,원슈타인 (Wonstein),"Slom, fisherman, 원슈타인, Zion.T"
12,12,악역 (Feat. 이하이 & 사이먼 도미닉) (Prod. 코드 쿤스트),스윙스 (Swings),"CODE KUNST, 박종권, 사이먼 도미닉, 이하이"
12,14,Downtown Baby,블루 (BLOO),ROCK IT PRODUCTIONS
12,15,부어라 비워라 (Tricker) (Prod. GroovyRoom),머쉬베놈 (MUSHVENOM),"GroovyRoom, MUSHVENOM"
12,16,고독하구만 (Feat. 수퍼비) (Prod. GroovyRoom),머쉬베놈 (MUSHVENOM),"GroovyRoom, MUSHVENOM"
12,17,아무노래,지코 (ZICO),"ZICO, Poptime"
12,19,"CREDIT (Feat. 염따, 기리보이, Zion.T)",릴보이 (lIlBOI),"Slom, fisherman, 릴보이, YUMDDA, Zion.T"
12,20,"윈윈 (Feat. 개코, BewhY) (Prod. BewhY)","허성현 (Huh!), dsel (디젤), 가오가이 (kaogaii), Untell (언텔)","BewhY, 개코"
12,21,"ON AIR (Feat. 로꼬, 박재범 & GRAY)",릴보이 (lIlBOI),GRAY
12,25,도망가,MINO (송민호),"MINO, 강욱진, Diggy"
12,27,Summer Hate (Feat. 비),지코 (ZICO),"ZICO, Poptime"
12,28,Bad News Cypher vol.2 (Feat. TakeOne),릴보이 (lIlBOI),"Slom, Gang-uk, Konquest"
12,29,사랑은(Feat.원슈타인),마미손 (Mommy Son),"권한얼, 원슈타인, 마미손"
12,30,"여백의 미 (Feat. Jessi, JUSTHIS) (Prod. GroovyRoom)",머쉬베놈 (MUSHVENOM),"GroovyRoom, MUSHVENOM, 제시"
12,31,"Hero (Feat. JUSTHIS, Golden) (Prod. GroovyRoom)",Khundi Panda (쿤디 판다),GroovyRoom
12,32,"가다 (Feat. 사이먼 도미닉, The Quiett) (Prod. SLO)",머쉬베놈 (MUSHVENOM),"SLO, MUSHVENOM"
12,33,"iii (Feat. 베이식, Kid Milli & 팔로알토) (Prod. 코드 쿤스트)",래원 (Layone),"CODE KUNST, 팔로알토 "
12,34,Upgrade 2020 (Feat. 팔로알토) (Prod. 코드 쿤스트),스윙스 (Swings),"CODE KUNST, 팔로알토, 박종권"
12,35,잠이 들어야 (Feat. 헤이즈),로꼬 (Loco),"CODE KUNST, 로꼬, Heize, 박종권"
12,36,Officially Missing You,긱스 (Geeks),7 Aurelius
12,37,광장동에서,창모 (CHANGMO),"CHANGMO, Panda Gomm, Catchup"
12,40,"세상에 나쁜 개는 없다 (Feat. YDG, Zion.T) (Prod. Slom)",원슈타인 (Wonstein),"Slom, 박종우, 원슈타인, Zion.T"
12,41,우리서로사랑하지는말자,기리보이 (GIRIBOY),"GIRIBOY, 바이빈"
12,42,보자보자,머쉬베놈 (MUSHVENOM),"SLO, MUSHVENOM"
12,44,"아마두 (feat.우원재, 김효은, 넉살, Huckleberry P)","염따 (YUMDDA), 딥플로우 (Deepflow), 팔로알토 (Paloalto), The Quiett (더 콰이엇), 사이먼 도미닉 (Simon Dominic)","NOISEMASTERMINSU, YUMDDA, Deepflow, 김효은, Huckleberry P"
12,49,G+Jus Freestyle (Prod. GroovyRoom),저스디스 (JUSTHIS),"GroovyRoom, JUSTHIS"
12,50,"Yay (Feat. 이영지, JAMIE (제이미) & 팔로알토) (Prod. 코드 쿤스트)",래원 (Layone),"CODE KUNST, 팔로알토, 이영지, JAMIE"
12,51,시차 (We Are) (Feat. 로꼬 & GRAY),우원재 (Woo Won Jae),GRAY
12,53,Mask On (Feat. 팔로알토 & 쿠기 (Coogie)) (Prod. 코드 쿤스트),래원 (Layone),"CODE KUNST, 박종권, 팔로알토, 쿠기"
12,54,아름다워,창모 (CHANGMO),CHANGMO
12,55,Good Day (Feat. 팔로알토) (Prod. 코드 쿤스트),"pH-1 (피에이치원), 키드밀리 (Kid Milli), 루피 (Loopy)","CODE KUNST, 팔로알토, pH-1, Kid Milli, 루피"
12,56,Error (Feat. Loopy),ASH ISLAND (애쉬 아일랜드),"TOIL, ASH ISLAND, Skinny Brown"
12,58,빌었어,창모 (CHANGMO),CHANGMO
12,60,사랑이었나봐,기리보이 (GIRIBOY),"GIRIBOY, Johnny, Chiic"
12,62,"Daydreamin (Feat. sogumm & 우원재) (Prod. Yosi, 팔로알토 & 코드 쿤스트)",래원 (Layone),"요시, CODE KUNST, 팔로알토, sogumm"
12,63,LINDA (Feat. 윤미래),린다G (Linda G),"CODE KUNST, 박종권, devita, 윤미래"
12,64,왜 이리 시끄러운 것이냐 (Prod. SLO),머쉬베놈 (MUSHVENOM),"SLO, MUSHVENOM"
12,68,"Part Time (Feat. Queen WA$ABII (퀸 와사비)) (Prod. GroovyRoom, BOYCOLD)",미란이 (Mirani),"GroovyRoom, BOYCOLD, 미란이"
12,69,"헤어지지 못하는 여자, 떠나가지 못하는 남자 (Feat. 정인)",리쌍 (LEESSANG),"길, PEEJAY"
12,70,Paranoid,ASH ISLAND (애쉬 아일랜드),"TOIL, ASH ISLAND"
12,71,어땠을까 (Feat. 박정현),싸이 (PSY),"PSY, 유건형"
12,73,Selfmade Orange (Feat. SUPERBEE),창모 (CHANGMO),CHANGMO
12,79,피터팬 (Prod. BewhY),Untell (언텔),"BewhY, Untell, 개코"
12,82,왔다,머쉬베놈 (MUSHVENOM),"TOIL, MUSHVENOM"
12,83,너의 하루 (바른연애 길잡이 X 로꼬),로꼬 (Loco),"hoiwave, 로꼬"
12,85,자니 (Feat. Dynamic Duo),프라이머리 (Primary),"프라이머리, 개코"
12,86,BAND,"창모 (CHANGMO), Hash Swan (해쉬 스완), ASH ISLAND (애쉬 아일랜드), 김효은 (Keemhyoeun)",CASHBANGER
12,88,"And July (Feat. DEAN, DJ Friz)",헤이즈 (Heize),"Deanfluenza, Hyuk Shin, JBird, esta, Delly Boi, DK"
12,89,"결 (Feat. 다이나믹 듀오, BewhY)",Untell (언텔),"protonebula, OBSN, Untell, 개코"
12,90,"아퍼 (Feat. Kid Milli, Lil tachi, 김승민, NO:EL, C JAMM)",기리보이 (GIRIBOY),"GIRIBOY, CODE KUNST"
12,91,Still Hungry (Feat. 마미손 & 팔로알토) (Prod. 코드 쿤스트),스윙스 (Swings),"CODE KUNST, 팔로알토, 박종권"
12,92,깡 Official Remix,"식케이 (Sik-K), pH-1 (피에이치원), 박재범 (Jay Park), 김하온 (HAON)","Keymaker, 길, 조용민"
12,95,B Mine (Feat. SUMIN) (Prod. 코드 쿤스트),스윙스 (Swings),"CODE KUNST, 박종권, SUMIN"
12,97,Trip (Feat. Hannah),릴러말즈 (Leellamarz),"Leellamarz, TOIL, Kooky"
12,99,400km (Feat. Kid Milli),한요한 (HANYOHAN),"Minit, 한요한"
12,100,시간이 들겠지 (Feat. Colde),로꼬 (Loco),"APRO, 로꼬, Colde"
